pos1;pos2;landmark
-0.09549150281252627;0.11276412907378838;1
-0.6545084971874737;0.021946313073118312;2
-0.6545084971874737;-0.27194631307311823;3
-0.09549150281252639;-0.3627641290737884;4
0.25;-0.12500000000000006;5
