pos;shape;value;landmark
pos1;1;1.3687389733835413;1
pos2;1;1.0640612068777557;1
pos1;1;0.8091743663241155;2
pos2;1;0.7963052921980479;2
pos1;1;0.8909104007247186;3
pos2;1;0.5447476447293216;3
pos1;1;1.5009906551493475;4
pos2;1;0.6570323831433925;4
pos1;1;1.7963049538483489;5
pos2;1;0.9779858153699057;5
