pos1;pos2;landmark
0.25000000000000006;0.21650635094610965;1
-0.2499999999999999;0.21650635094610968;2
-0.5;3.061616997868383e-17;3
-0.2500000000000002;-0.21650635094610962;4
0.24999999999999967;-0.21650635094610976;5
0.5;-6.123233995736766e-17;6
