a;c;gamma;iterate
0.32770745850229627;0.2;2.0;0
0.32770745850229627;0.2;2.0;1
0.32770745850229627;0.2;2.0;2
0.32770745850229627;0.2;2.0;3
0.32770745850229627;0.2;2.0;4
0.32770745850229627;0.2;2.0;5
0.32770745850229627;0.2;2.0;6
0.32770745850229627;0.2;2.0;7
0.32770745850229627;0.2;2.0;8
0.32770745850229627;0.2;2.0;9
0.32770745850229627;0.2;2.0;10
