pos1;pos2;landmark
0.15450849718747373;0.23776412907378838;1
-0.40450849718747367;0.1469463130731183;2
-0.4045084971874737;-0.14694631307311826;3
0.15450849718747361;-0.2377641290737884;4
0.5;-6.123233995736766e-17;5
