pos;shape;value;landmark
pos1;1;1.6487212707001282;1
pos1;1;2.718281828459045;2
pos1;1;3.6692966676192444;3
