pos;shape;value;landmark
pos1;1;1.5955151034975268;1
pos2;1;1.256034738414071;1
pos1;1;1.035950496438101;2
pos2;1;0.9882788237343632;2
pos1;1;1.117686530838704;3
pos2;1;0.7367211762656368;3
pos1;1;1.7277667852633332;4
pos2;1;0.8490059146797079;4
pos1;1;2.0230810839623343;5
pos2;1;1.169959346906221;5
