pos1;pos2;mom1;mom2;landmark
2.0;0.0;0.0;0.0;1
1.618033988749895;0.5877852522924731;0.0;0.0;2
0.6180339887498949;0.9510565162951535;0.0;0.0;3
-0.6180339887498947;0.9510565162951536;0.0;0.0;4
-1.6180339887498947;0.5877852522924732;0.0;0.0;5
-2.0;1.2246467991473532e-16;0.0;0.0;6
-1.618033988749895;-0.587785252292473;0.0;0.0;7
-0.6180339887498951;-0.9510565162951535;0.0;0.0;8
0.6180339887498945;-0.9510565162951536;0.0;0.0;9
1.6180339887498947;-0.5877852522924734;0.0;0.0;10
